agent_type,dilemma_id,trial_num,final_quality_score,total_cost,abstract_logic_demand,abstract_creative_demand,abstract_social_demand,generated_weight_R,generated_weight_P,generated_weight_I,generated_weight_C,generated_weight_S
generative,dilemma_001,1,10.0,981,,,,1.0,1.0,1.0,1.0,1.0
generative,dilemma_001,2,9.963910177291854,981,,,,1.0,1.0,1.0,1.0,1.0
generative,dilemma_001,3,10.0,981,,,,1.0,1.0,1.0,1.0,1.0
generative,dilemma_001,4,10.0,981,,,,1.0,1.0,1.0,1.0,1.0
generative,dilemma_001,5,9.964836726825327,981,,,,1.0,1.0,1.0,1.0,1.0
generative,dilemma_001,6,9.806529507179164,981,,,,1.0,1.0,1.0,1.0,1.0
generative,dilemma_001,7,9.766222814890051,981,,,,1.0,1.0,1.0,1.0,1.0
generative,dilemma_001,8,9.52645928072393,981,,,,1.0,1.0,1.0,1.0,1.0
generative,dilemma_001,9,9.80158293831325,981,,,,1.0,1.0,1.0,1.0,1.0
generative,dilemma_001,10,9.710779051573304,981,,,,1.0,1.0,1.0,1.0,1.0
generative,dilemma_002,1,9.69179113603812,985,,,,1.0,1.0,1.0,1.0,1.0
generative,dilemma_002,2,10.0,985,,,,1.0,1.0,1.0,1.0,1.0
generative,dilemma_002,3,10.0,985,,,,1.0,1.0,1.0,1.0,1.0
generative,dilemma_002,4,9.944420898461365,985,,,,1.0,1.0,1.0,1.0,1.0
generative,dilemma_002,5,9.69183813163396,985,,,,1.0,1.0,1.0,1.0,1.0
generative,dilemma_002,6,10.0,985,,,,1.0,1.0,1.0,1.0,1.0
generative,dilemma_002,7,10.0,985,,,,1.0,1.0,1.0,1.0,1.0
generative,dilemma_002,8,9.653431192756006,985,,,,1.0,1.0,1.0,1.0,1.0
generative,dilemma_002,9,10.0,985,,,,1.0,1.0,1.0,1.0,1.0
generative,dilemma_002,10,9.641733042156627,985,,,,1.0,1.0,1.0,1.0,1.0
fluid_p3,dilemma_001,1,4.6030277398431885,474,,,,,,,,
fluid_p3,dilemma_001,2,5.18705956162959,474,,,,,,,,
fluid_p3,dilemma_001,3,4.708697964116954,474,,,,,,,,
fluid_p3,dilemma_001,4,5.495046192609075,474,,,,,,,,
fluid_p3,dilemma_001,5,4.631930139067431,474,,,,,,,,
fluid_p3,dilemma_001,6,4.913650350108949,474,,,,,,,,
fluid_p3,dilemma_001,7,5.429436602474729,474,,,,,,,,
fluid_p3,dilemma_001,8,4.57903035218963,474,,,,,,,,
fluid_p3,dilemma_001,9,4.851728926994996,474,,,,,,,,
fluid_p3,dilemma_001,10,5.205617405891591,474,,,,,,,,
fluid_p3,dilemma_002,1,4.943086674235632,479,,,,,,,,
fluid_p3,dilemma_002,2,5.153217889992505,479,,,,,,,,
fluid_p3,dilemma_002,3,5.130490013278828,479,,,,,,,,
fluid_p3,dilemma_002,4,5.033213479448651,479,,,,,,,,
fluid_p3,dilemma_002,5,5.393674615714297,479,,,,,,,,
fluid_p3,dilemma_002,6,5.182869497913362,479,,,,,,,,
fluid_p3,dilemma_002,7,5.140570433020981,479,,,,,,,,
fluid_p3,dilemma_002,8,4.804965500666376,479,,,,,,,,
fluid_p3,dilemma_002,9,4.965134404577455,479,,,,,,,,
fluid_p3,dilemma_002,10,4.514764451706301,479,,,,,,,,
