trial_id,agent_type,step_num,sub_goal_prompt,mccc_classification,active_stance,action_taken,crs_score,final_explanation_quality,total_cost
artifact_case_001,Fluid,1,Synthesize initial evidence,convergent,logician,action_1,9.7,9.25,700
artifact_case_001,Fluid,2,Generate broad hypotheses,divergent,creative,action_2,8.67,9.25,700
artifact_case_001,Fluid,3,Propose alternative interpretations,divergent,creative,action_3,9.61,9.25,700
artifact_case_001,Fluid,4,Test 'forgery' hypothesis,convergent,logician,action_4,9.14,9.25,700
artifact_case_001,Fluid,5,Verify material composition,convergent,logician,action_5,9.04,9.25,700
artifact_case_001,Fluid,6,Formulate final explanation,convergent,logician,action_6,9.32,9.25,700
artifact_case_001,Logician,1,Synthesize initial evidence,N/A,logician,action_1,8.93,7.03,900
artifact_case_001,Logician,2,Generate broad hypotheses,N/A,logician,action_2,3.12,7.03,900
artifact_case_001,Logician,3,Propose alternative interpretations,N/A,logician,action_3,3.02,7.03,900
artifact_case_001,Logician,4,Test 'forgery' hypothesis,N/A,logician,action_4,9.12,7.03,900
artifact_case_001,Logician,5,Verify material composition,N/A,logician,action_5,9.39,7.03,900
artifact_case_001,Logician,6,Formulate final explanation,N/A,logician,action_6,8.57,7.03,900
artifact_case_001,Creative,1,Synthesize initial evidence,N/A,creative,action_1,3.34,5.2,1300
artifact_case_001,Creative,2,Generate broad hypotheses,N/A,creative,action_2,8.83,5.2,1300
artifact_case_001,Creative,3,Propose alternative interpretations,N/A,creative,action_3,9.6,5.2,1300
artifact_case_001,Creative,4,Test 'forgery' hypothesis,N/A,creative,action_4,3.87,5.2,1300
artifact_case_001,Creative,5,Verify material composition,N/A,creative,action_5,2.51,5.2,1300
artifact_case_001,Creative,6,Formulate final explanation,N/A,creative,action_6,3.04,5.2,1300
artifact_case_002,Fluid,1,Synthesize initial evidence,convergent,logician,action_1,9.16,9.04,700
artifact_case_002,Fluid,2,Generate broad hypotheses,divergent,creative,action_2,9.42,9.04,700
artifact_case_002,Fluid,3,Propose alternative interpretations,divergent,creative,action_3,8.81,9.04,700
artifact_case_002,Fluid,4,Test 'forgery' hypothesis,convergent,logician,action_4,9.45,9.04,700
artifact_case_002,Fluid,5,Verify material composition,convergent,logician,action_5,8.9,9.04,700
artifact_case_002,Fluid,6,Formulate final explanation,convergent,logician,action_6,8.53,9.04,700
artifact_case_002,Logician,1,Synthesize initial evidence,N/A,logician,action_1,9.29,6.94,900
artifact_case_002,Logician,2,Generate broad hypotheses,N/A,logician,action_2,2.21,6.94,900
artifact_case_002,Logician,3,Propose alternative interpretations,N/A,logician,action_3,2.98,6.94,900
artifact_case_002,Logician,4,Test 'forgery' hypothesis,N/A,logician,action_4,9.2,6.94,900
artifact_case_002,Logician,5,Verify material composition,N/A,logician,action_5,9.21,6.94,900
artifact_case_002,Logician,6,Formulate final explanation,N/A,logician,action_6,8.74,6.94,900
artifact_case_002,Creative,1,Synthesize initial evidence,N/A,creative,action_1,2.75,5.2,1300
artifact_case_002,Creative,2,Generate broad hypotheses,N/A,creative,action_2,8.85,5.2,1300
artifact_case_002,Creative,3,Propose alternative interpretations,N/A,creative,action_3,9.68,5.2,1300
artifact_case_002,Creative,4,Test 'forgery' hypothesis,N/A,creative,action_4,3.12,5.2,1300
artifact_case_002,Creative,5,Verify material composition,N/A,creative,action_5,3.65,5.2,1300
artifact_case_002,Creative,6,Formulate final explanation,N/A,creative,action_6,3.12,5.2,1300
artifact_case_003,Fluid,1,Synthesize initial evidence,convergent,logician,action_1,8.54,9.24,700
artifact_case_003,Fluid,2,Generate broad hypotheses,divergent,creative,action_2,8.77,9.24,700
artifact_case_003,Fluid,3,Propose alternative interpretations,divergent,creative,action_3,9.37,9.24,700
artifact_case_003,Fluid,4,Test 'forgery' hypothesis,convergent,logician,action_4,9.26,9.24,700
artifact_case_003,Fluid,5,Verify material composition,convergent,logician,action_5,9.8,9.24,700
artifact_case_003,Fluid,6,Formulate final explanation,convergent,logician,action_6,9.7,9.24,700
artifact_case_003,Logician,1,Synthesize initial evidence,N/A,logician,action_1,8.67,6.75,900
artifact_case_003,Logician,2,Generate broad hypotheses,N/A,logician,action_2,2.78,6.75,900
artifact_case_003,Logician,3,Propose alternative interpretations,N/A,logician,action_3,2.16,6.75,900
artifact_case_003,Logician,4,Test 'forgery' hypothesis,N/A,logician,action_4,8.97,6.75,900
artifact_case_003,Logician,5,Verify material composition,N/A,logician,action_5,9.04,6.75,900
artifact_case_003,Logician,6,Formulate final explanation,N/A,logician,action_6,8.89,6.75,900
artifact_case_003,Creative,1,Synthesize initial evidence,N/A,creative,action_1,3.45,5.39,1300
artifact_case_003,Creative,2,Generate broad hypotheses,N/A,creative,action_2,9.5,5.39,1300
artifact_case_003,Creative,3,Propose alternative interpretations,N/A,creative,action_3,9.29,5.39,1300
artifact_case_003,Creative,4,Test 'forgery' hypothesis,N/A,creative,action_4,3.92,5.39,1300
artifact_case_003,Creative,5,Verify material composition,N/A,creative,action_5,2.51,5.39,1300
artifact_case_003,Creative,6,Formulate final explanation,N/A,creative,action_6,3.68,5.39,1300
artifact_case_004,Fluid,1,Synthesize initial evidence,convergent,logician,action_1,8.78,9.09,700
artifact_case_004,Fluid,2,Generate broad hypotheses,divergent,creative,action_2,9.38,9.09,700
artifact_case_004,Fluid,3,Propose alternative interpretations,divergent,creative,action_3,9.07,9.09,700
artifact_case_004,Fluid,4,Test 'forgery' hypothesis,convergent,logician,action_4,9.11,9.09,700
artifact_case_004,Fluid,5,Verify material composition,convergent,logician,action_5,9.04,9.09,700
artifact_case_004,Fluid,6,Formulate final explanation,convergent,logician,action_6,9.18,9.09,700
artifact_case_004,Logician,1,Synthesize initial evidence,N/A,logician,action_1,8.53,6.67,900
artifact_case_004,Logician,2,Generate broad hypotheses,N/A,logician,action_2,2.87,6.67,900
artifact_case_004,Logician,3,Propose alternative interpretations,N/A,logician,action_3,2.08,6.67,900
artifact_case_004,Logician,4,Test 'forgery' hypothesis,N/A,logician,action_4,8.69,6.67,900
artifact_case_004,Logician,5,Verify material composition,N/A,logician,action_5,8.64,6.67,900
artifact_case_004,Logician,6,Formulate final explanation,N/A,logician,action_6,9.19,6.67,900
artifact_case_004,Creative,1,Synthesize initial evidence,N/A,creative,action_1,2.35,4.68,1300
artifact_case_004,Creative,2,Generate broad hypotheses,N/A,creative,action_2,9.71,4.68,1300
artifact_case_004,Creative,3,Propose alternative interpretations,N/A,creative,action_3,8.7,4.68,1300
artifact_case_004,Creative,4,Test 'forgery' hypothesis,N/A,creative,action_4,2.22,4.68,1300
artifact_case_004,Creative,5,Verify material composition,N/A,creative,action_5,2.38,4.68,1300
artifact_case_004,Creative,6,Formulate final explanation,N/A,creative,action_6,2.74,4.68,1300
artifact_case_005,Fluid,1,Synthesize initial evidence,convergent,logician,action_1,9.57,9.07,700
artifact_case_005,Fluid,2,Generate broad hypotheses,divergent,creative,action_2,8.62,9.07,700
artifact_case_005,Fluid,3,Propose alternative interpretations,divergent,creative,action_3,8.5,9.07,700
artifact_case_005,Fluid,4,Test 'forgery' hypothesis,convergent,logician,action_4,8.74,9.07,700
artifact_case_005,Fluid,5,Verify material composition,convergent,logician,action_5,9.25,9.07,700
artifact_case_005,Fluid,6,Formulate final explanation,convergent,logician,action_6,9.77,9.07,700
artifact_case_005,Logician,1,Synthesize initial evidence,N/A,logician,action_1,8.99,7.09,900
artifact_case_005,Logician,2,Generate broad hypotheses,N/A,logician,action_2,2.49,7.09,900
artifact_case_005,Logician,3,Propose alternative interpretations,N/A,logician,action_3,2.63,7.09,900
artifact_case_005,Logician,4,Test 'forgery' hypothesis,N/A,logician,action_4,9.2,7.09,900
artifact_case_005,Logician,5,Verify material composition,N/A,logician,action_5,9.73,7.09,900
artifact_case_005,Logician,6,Formulate final explanation,N/A,logician,action_6,9.5,7.09,900
artifact_case_005,Creative,1,Synthesize initial evidence,N/A,creative,action_1,2.29,5.13,1300
artifact_case_005,Creative,2,Generate broad hypotheses,N/A,creative,action_2,9.23,5.13,1300
artifact_case_005,Creative,3,Propose alternative interpretations,N/A,creative,action_3,8.99,5.13,1300
artifact_case_005,Creative,4,Test 'forgery' hypothesis,N/A,creative,action_4,3.44,5.13,1300
artifact_case_005,Creative,5,Verify material composition,N/A,creative,action_5,3.78,5.13,1300
artifact_case_005,Creative,6,Formulate final explanation,N/A,creative,action_6,3.04,5.13,1300
artifact_case_006,Fluid,1,Synthesize initial evidence,convergent,logician,action_1,8.91,8.99,700
artifact_case_006,Fluid,2,Generate broad hypotheses,divergent,creative,action_2,8.67,8.99,700
artifact_case_006,Fluid,3,Propose alternative interpretations,divergent,creative,action_3,8.95,8.99,700
artifact_case_006,Fluid,4,Test 'forgery' hypothesis,convergent,logician,action_4,9.44,8.99,700
artifact_case_006,Fluid,5,Verify material composition,convergent,logician,action_5,8.57,8.99,700
artifact_case_006,Fluid,6,Formulate final explanation,convergent,logician,action_6,9.4,8.99,700
artifact_case_006,Logician,1,Synthesize initial evidence,N/A,logician,action_1,8.72,7.23,900
artifact_case_006,Logician,2,Generate broad hypotheses,N/A,logician,action_2,2.96,7.23,900
artifact_case_006,Logician,3,Propose alternative interpretations,N/A,logician,action_3,2.64,7.23,900
artifact_case_006,Logician,4,Test 'forgery' hypothesis,N/A,logician,action_4,9.48,7.23,900
artifact_case_006,Logician,5,Verify material composition,N/A,logician,action_5,9.8,7.23,900
artifact_case_006,Logician,6,Formulate final explanation,N/A,logician,action_6,9.78,7.23,900
artifact_case_006,Creative,1,Synthesize initial evidence,N/A,creative,action_1,3.12,4.94,1300
artifact_case_006,Creative,2,Generate broad hypotheses,N/A,creative,action_2,9.64,4.94,1300
artifact_case_006,Creative,3,Propose alternative interpretations,N/A,creative,action_3,9.17,4.94,1300
artifact_case_006,Creative,4,Test 'forgery' hypothesis,N/A,creative,action_4,2.15,4.94,1300
artifact_case_006,Creative,5,Verify material composition,N/A,creative,action_5,2.74,4.94,1300
artifact_case_006,Creative,6,Formulate final explanation,N/A,creative,action_6,2.83,4.94,1300
artifact_case_007,Fluid,1,Synthesize initial evidence,convergent,logician,action_1,9.54,9.11,700
artifact_case_007,Fluid,2,Generate broad hypotheses,divergent,creative,action_2,9.16,9.11,700
artifact_case_007,Fluid,3,Propose alternative interpretations,divergent,creative,action_3,9.08,9.11,700
artifact_case_007,Fluid,4,Test 'forgery' hypothesis,convergent,logician,action_4,9.04,9.11,700
artifact_case_007,Fluid,5,Verify material composition,convergent,logician,action_5,9.24,9.11,700
artifact_case_007,Fluid,6,Formulate final explanation,convergent,logician,action_6,8.58,9.11,700
artifact_case_007,Logician,1,Synthesize initial evidence,N/A,logician,action_1,8.96,7.24,900
artifact_case_007,Logician,2,Generate broad hypotheses,N/A,logician,action_2,3.96,7.24,900
artifact_case_007,Logician,3,Propose alternative interpretations,N/A,logician,action_3,2.74,7.24,900
artifact_case_007,Logician,4,Test 'forgery' hypothesis,N/A,logician,action_4,9.77,7.24,900
artifact_case_007,Logician,5,Verify material composition,N/A,logician,action_5,8.96,7.24,900
artifact_case_007,Logician,6,Formulate final explanation,N/A,logician,action_6,9.06,7.24,900
artifact_case_007,Creative,1,Synthesize initial evidence,N/A,creative,action_1,3.17,5.11,1300
artifact_case_007,Creative,2,Generate broad hypotheses,N/A,creative,action_2,9.47,5.11,1300
artifact_case_007,Creative,3,Propose alternative interpretations,N/A,creative,action_3,9.18,5.11,1300
artifact_case_007,Creative,4,Test 'forgery' hypothesis,N/A,creative,action_4,3.32,5.11,1300
artifact_case_007,Creative,5,Verify material composition,N/A,creative,action_5,3.29,5.11,1300
artifact_case_007,Creative,6,Formulate final explanation,N/A,creative,action_6,2.23,5.11,1300
artifact_case_008,Fluid,1,Synthesize initial evidence,convergent,logician,action_1,9.64,9.22,700
artifact_case_008,Fluid,2,Generate broad hypotheses,divergent,creative,action_2,9.26,9.22,700
artifact_case_008,Fluid,3,Propose alternative interpretations,divergent,creative,action_3,9.2,9.22,700
artifact_case_008,Fluid,4,Test 'forgery' hypothesis,convergent,logician,action_4,9.08,9.22,700
artifact_case_008,Fluid,5,Verify material composition,convergent,logician,action_5,9.18,9.22,700
artifact_case_008,Fluid,6,Formulate final explanation,convergent,logician,action_6,8.97,9.22,700
artifact_case_008,Logician,1,Synthesize initial evidence,N/A,logician,action_1,9.56,7.01,900
artifact_case_008,Logician,2,Generate broad hypotheses,N/A,logician,action_2,2.71,7.01,900
artifact_case_008,Logician,3,Propose alternative interpretations,N/A,logician,action_3,2.07,7.01,900
artifact_case_008,Logician,4,Test 'forgery' hypothesis,N/A,logician,action_4,9.4,7.01,900
artifact_case_008,Logician,5,Verify material composition,N/A,logician,action_5,9.78,7.01,900
artifact_case_008,Logician,6,Formulate final explanation,N/A,logician,action_6,8.52,7.01,900
artifact_case_008,Creative,1,Synthesize initial evidence,N/A,creative,action_1,3.23,5.01,1300
artifact_case_008,Creative,2,Generate broad hypotheses,N/A,creative,action_2,9.24,5.01,1300
artifact_case_008,Creative,3,Propose alternative interpretations,N/A,creative,action_3,8.93,5.01,1300
artifact_case_008,Creative,4,Test 'forgery' hypothesis,N/A,creative,action_4,2.58,5.01,1300
artifact_case_008,Creative,5,Verify material composition,N/A,creative,action_5,3.96,5.01,1300
artifact_case_008,Creative,6,Formulate final explanation,N/A,creative,action_6,2.1,5.01,1300
artifact_case_009,Fluid,1,Synthesize initial evidence,convergent,logician,action_1,9.35,9.13,700
artifact_case_009,Fluid,2,Generate broad hypotheses,divergent,creative,action_2,8.92,9.13,700
artifact_case_009,Fluid,3,Propose alternative interpretations,divergent,creative,action_3,9.62,9.13,700
artifact_case_009,Fluid,4,Test 'forgery' hypothesis,convergent,logician,action_4,9.09,9.13,700
artifact_case_009,Fluid,5,Verify material composition,convergent,logician,action_5,8.67,9.13,700
artifact_case_009,Fluid,6,Formulate final explanation,convergent,logician,action_6,9.11,9.13,700
artifact_case_009,Logician,1,Synthesize initial evidence,N/A,logician,action_1,8.83,7.07,900
artifact_case_009,Logician,2,Generate broad hypotheses,N/A,logician,action_2,3.1,7.07,900
artifact_case_009,Logician,3,Propose alternative interpretations,N/A,logician,action_3,2.31,7.07,900
artifact_case_009,Logician,4,Test 'forgery' hypothesis,N/A,logician,action_4,9.17,7.07,900
artifact_case_009,Logician,5,Verify material composition,N/A,logician,action_5,9.36,7.07,900
artifact_case_009,Logician,6,Formulate final explanation,N/A,logician,action_6,9.65,7.07,900
artifact_case_009,Creative,1,Synthesize initial evidence,N/A,creative,action_1,2.68,4.77,1300
artifact_case_009,Creative,2,Generate broad hypotheses,N/A,creative,action_2,8.98,4.77,1300
artifact_case_009,Creative,3,Propose alternative interpretations,N/A,creative,action_3,9.45,4.77,1300
artifact_case_009,Creative,4,Test 'forgery' hypothesis,N/A,creative,action_4,2.98,4.77,1300
artifact_case_009,Creative,5,Verify material composition,N/A,creative,action_5,2.26,4.77,1300
artifact_case_009,Creative,6,Formulate final explanation,N/A,creative,action_6,2.27,4.77,1300
artifact_case_010,Fluid,1,Synthesize initial evidence,convergent,logician,action_1,9.75,9.45,700
artifact_case_010,Fluid,2,Generate broad hypotheses,divergent,creative,action_2,9.28,9.45,700
artifact_case_010,Fluid,3,Propose alternative interpretations,divergent,creative,action_3,9.55,9.45,700
artifact_case_010,Fluid,4,Test 'forgery' hypothesis,convergent,logician,action_4,8.95,9.45,700
artifact_case_010,Fluid,5,Verify material composition,convergent,logician,action_5,9.76,9.45,700
artifact_case_010,Fluid,6,Formulate final explanation,convergent,logician,action_6,9.39,9.45,700
artifact_case_010,Logician,1,Synthesize initial evidence,N/A,logician,action_1,8.68,6.99,900
artifact_case_010,Logician,2,Generate broad hypotheses,N/A,logician,action_2,3.03,6.99,900
artifact_case_010,Logician,3,Propose alternative interpretations,N/A,logician,action_3,2.44,6.99,900
artifact_case_010,Logician,4,Test 'forgery' hypothesis,N/A,logician,action_4,9.27,6.99,900
artifact_case_010,Logician,5,Verify material composition,N/A,logician,action_5,9.55,6.99,900
artifact_case_010,Logician,6,Formulate final explanation,N/A,logician,action_6,8.96,6.99,900
artifact_case_010,Creative,1,Synthesize initial evidence,N/A,creative,action_1,2.75,5.11,1300
artifact_case_010,Creative,2,Generate broad hypotheses,N/A,creative,action_2,9.61,5.11,1300
artifact_case_010,Creative,3,Propose alternative interpretations,N/A,creative,action_3,9.02,5.11,1300
artifact_case_010,Creative,4,Test 'forgery' hypothesis,N/A,creative,action_4,3.75,5.11,1300
artifact_case_010,Creative,5,Verify material composition,N/A,creative,action_5,2.08,5.11,1300
artifact_case_010,Creative,6,Formulate final explanation,N/A,creative,action_6,3.45,5.11,1300
