timestamp,stage,trial_id,dilemma_id,agent_has_T_heuristic,active_crs_weights,chosen_action,achieved_crs,is_successful,cognitive_cost
2025-07-30T20:34:20.680079,Baseline,B_1,DC_002,False,"{""R"": 0.61, ""P"": 0.14, ""I"": 0.46, ""C"": 0.58, ""S"": 0.19}",Follow Social Coherence,-4.56,False,446
2025-07-30T20:34:20.680150,Baseline,B_2,DC_002,False,"{""R"": 0.16, ""P"": 0.72, ""I"": 0.76, ""C"": 0.58, ""S"": 0.89}",Follow Social Coherence,-4.25,False,452
2025-07-30T20:34:20.680186,Baseline,B_3,DC_001,False,"{""R"": 0.8, ""P"": 0.53, ""I"": 0.89, ""C"": 0.5, ""S"": 0.65}",Follow Social Coherence,-4.9,False,450
2025-07-30T20:34:20.680212,Baseline,B_4,DC_001,False,"{""R"": 0.13, ""P"": 0.29, ""I"": 0.95, ""C"": 0.74, ""S"": 0.56}",Follow Social Coherence,-5.0,False,464
2025-07-30T20:34:20.680236,Baseline,B_5,DC_001,False,"{""R"": 0.63, ""P"": 0.9, ""I"": 0.43, ""C"": 0.42, ""S"": 0.95}",Follow Social Coherence,-5.38,False,462
2025-07-30T20:34:20.680257,Baseline,B_6,DC_002,False,"{""R"": 0.77, ""P"": 0.57, ""I"": 0.33, ""C"": 0.25, ""S"": 0.94}",Follow Social Coherence,-5.17,False,470
2025-07-30T20:34:20.680278,Baseline,B_7,DC_002,False,"{""R"": 0.65, ""P"": 0.73, ""I"": 0.2, ""C"": 0.15, ""S"": 0.57}",Follow Social Coherence,-5.23,False,443
2025-07-30T20:34:20.680306,Baseline,B_8,DC_001,False,"{""R"": 0.6, ""P"": 0.36, ""I"": 0.63, ""C"": 0.16, ""S"": 0.73}",Follow Social Coherence,-4.18,False,449
2025-07-30T20:34:20.680327,Baseline,B_9,DC_001,False,"{""R"": 0.41, ""P"": 0.5, ""I"": 0.1, ""C"": 0.13, ""S"": 0.31}",Follow Social Coherence,-5.39,False,440
2025-07-30T20:34:20.680348,Baseline,B_10,DC_001,False,"{""R"": 0.28, ""P"": 0.92, ""I"": 0.88, ""C"": 0.72, ""S"": 0.42}",Follow Social Coherence,-4.08,False,460
2025-07-30T20:34:20.680370,Baseline,B_11,DC_001,False,"{""R"": 0.54, ""P"": 0.82, ""I"": 0.14, ""C"": 0.52, ""S"": 0.88}",Follow Social Coherence,-5.29,False,431
2025-07-30T20:34:20.680391,Baseline,B_12,DC_002,False,"{""R"": 0.4, ""P"": 0.51, ""I"": 0.74, ""C"": 0.9, ""S"": 0.17}",Follow Social Coherence,-5.61,False,443
2025-07-30T20:34:20.680413,Baseline,B_13,DC_002,False,"{""R"": 0.47, ""P"": 0.16, ""I"": 0.66, ""C"": 0.84, ""S"": 0.84}",Follow Social Coherence,-4.78,False,435
2025-07-30T20:34:20.680434,Baseline,B_14,DC_002,False,"{""R"": 0.3, ""P"": 0.16, ""I"": 0.76, ""C"": 0.63, ""S"": 0.16}",Follow Social Coherence,-4.79,False,438
2025-07-30T20:34:20.680457,Baseline,B_15,DC_001,False,"{""R"": 0.32, ""P"": 0.55, ""I"": 0.29, ""C"": 0.4, ""S"": 0.85}",Follow Social Coherence,-4.65,False,431
2025-07-30T20:34:20.680479,Baseline,B_16,DC_001,False,"{""R"": 0.98, ""P"": 0.76, ""I"": 0.78, ""C"": 0.36, ""S"": 0.28}",Follow Social Coherence,-5.91,False,469
2025-07-30T20:34:20.680501,Baseline,B_17,DC_001,False,"{""R"": 0.47, ""P"": 0.72, ""I"": 0.82, ""C"": 0.63, ""S"": 0.29}",Follow Social Coherence,-5.2,False,445
2025-07-30T20:34:20.680524,Baseline,B_18,DC_002,False,"{""R"": 0.58, ""P"": 0.11, ""I"": 0.8, ""C"": 0.98, ""S"": 0.36}",Follow Social Coherence,-5.25,False,442
2025-07-30T20:34:20.680549,Baseline,B_19,DC_002,False,"{""R"": 0.29, ""P"": 0.97, ""I"": 0.87, ""C"": 0.13, ""S"": 0.99}",Follow Social Coherence,-5.25,False,453
2025-07-30T20:34:20.680573,Baseline,B_20,DC_002,False,"{""R"": 0.85, ""P"": 0.98, ""I"": 0.89, ""C"": 0.81, ""S"": 0.86}",Follow Social Coherence,-4.84,False,453
2025-07-30T20:34:20.680596,Baseline,B_21,DC_002,False,"{""R"": 0.52, ""P"": 0.97, ""I"": 0.96, ""C"": 0.94, ""S"": 0.51}",Follow Social Coherence,-4.34,False,434
2025-07-30T20:34:20.680619,Baseline,B_22,DC_002,False,"{""R"": 0.87, ""P"": 0.11, ""I"": 0.92, ""C"": 0.35, ""S"": 0.2}",Follow Social Coherence,-5.54,False,434
2025-07-30T20:34:20.680640,Baseline,B_23,DC_002,False,"{""R"": 0.16, ""P"": 0.48, ""I"": 0.62, ""C"": 0.56, ""S"": 0.29}",Follow Social Coherence,-5.02,False,448
2025-07-30T20:34:20.680660,Baseline,B_24,DC_001,False,"{""R"": 0.43, ""P"": 0.18, ""I"": 0.53, ""C"": 0.46, ""S"": 0.34}",Follow Social Coherence,-4.16,False,448
2025-07-30T20:34:20.680681,Baseline,B_25,DC_001,False,"{""R"": 0.55, ""P"": 0.43, ""I"": 0.68, ""C"": 0.19, ""S"": 0.42}",Follow Social Coherence,-5.05,False,451
2025-07-30T20:34:20.680705,Baseline,B_26,DC_001,False,"{""R"": 0.65, ""P"": 0.51, ""I"": 0.82, ""C"": 0.17, ""S"": 0.8}",Follow Social Coherence,-5.56,False,447
2025-07-30T20:34:20.680729,Baseline,B_27,DC_001,False,"{""R"": 0.52, ""P"": 0.88, ""I"": 0.15, ""C"": 0.9, ""S"": 0.33}",Follow Social Coherence,-5.01,False,459
2025-07-30T20:34:20.680754,Baseline,B_28,DC_001,False,"{""R"": 0.32, ""P"": 0.13, ""I"": 0.93, ""C"": 0.23, ""S"": 0.48}",Follow Social Coherence,-4.09,False,434
2025-07-30T20:34:20.680774,Baseline,B_29,DC_002,False,"{""R"": 0.69, ""P"": 0.6, ""I"": 0.16, ""C"": 0.99, ""S"": 0.19}",Follow Social Coherence,-5.55,False,459
2025-07-30T20:34:20.680793,Baseline,B_30,DC_001,False,"{""R"": 0.29, ""P"": 0.79, ""I"": 0.29, ""C"": 0.92, ""S"": 0.45}",Follow Social Coherence,-5.86,False,460
2025-07-30T20:34:20.680812,Baseline,B_31,DC_001,False,"{""R"": 0.7, ""P"": 0.66, ""I"": 0.17, ""C"": 0.96, ""S"": 0.47}",Follow Social Coherence,-5.94,False,470
2025-07-30T20:34:20.680830,Baseline,B_32,DC_002,False,"{""R"": 0.71, ""P"": 0.39, ""I"": 0.14, ""C"": 0.52, ""S"": 0.18}",Follow Social Coherence,-5.6,False,443
2025-07-30T20:34:20.680848,Baseline,B_33,DC_002,False,"{""R"": 0.57, ""P"": 0.66, ""I"": 0.87, ""C"": 0.36, ""S"": 0.47}",Follow Social Coherence,-5.49,False,462
2025-07-30T20:34:20.680868,Baseline,B_34,DC_002,False,"{""R"": 0.97, ""P"": 0.73, ""I"": 0.71, ""C"": 0.9, ""S"": 0.72}",Follow Social Coherence,-4.73,False,453
2025-07-30T20:34:20.680891,Baseline,B_35,DC_002,False,"{""R"": 0.15, ""P"": 0.78, ""I"": 0.25, ""C"": 0.14, ""S"": 0.92}",Follow Social Coherence,-4.37,False,438
2025-07-30T20:34:20.680910,Baseline,B_36,DC_002,False,"{""R"": 0.54, ""P"": 0.17, ""I"": 0.48, ""C"": 0.62, ""S"": 0.35}",Follow Social Coherence,-4.98,False,444
2025-07-30T20:34:20.680929,Baseline,B_37,DC_001,False,"{""R"": 0.96, ""P"": 0.85, ""I"": 0.51, ""C"": 0.19, ""S"": 0.37}",Follow Social Coherence,-4.64,False,434
2025-07-30T20:34:20.680949,Baseline,B_38,DC_001,False,"{""R"": 0.92, ""P"": 0.21, ""I"": 0.28, ""C"": 0.19, ""S"": 0.83}",Follow Social Coherence,-5.7,False,456
2025-07-30T20:34:20.680969,Baseline,B_39,DC_002,False,"{""R"": 0.76, ""P"": 0.88, ""I"": 0.55, ""C"": 0.74, ""S"": 0.82}",Follow Social Coherence,-5.91,False,462
2025-07-30T20:34:20.680989,Baseline,B_40,DC_002,False,"{""R"": 0.79, ""P"": 0.43, ""I"": 0.17, ""C"": 0.26, ""S"": 0.21}",Follow Social Coherence,-4.19,False,439
2025-07-30T20:34:20.681008,Baseline,B_41,DC_002,False,"{""R"": 0.48, ""P"": 0.7, ""I"": 0.38, ""C"": 0.16, ""S"": 0.12}",Follow Social Coherence,-4.32,False,436
2025-07-30T20:34:20.681032,Baseline,B_42,DC_002,False,"{""R"": 0.3, ""P"": 0.91, ""I"": 0.73, ""C"": 0.6, ""S"": 0.18}",Follow Social Coherence,-5.0,False,442
2025-07-30T20:34:20.681053,Baseline,B_43,DC_002,False,"{""R"": 0.52, ""P"": 0.47, ""I"": 0.23, ""C"": 0.14, ""S"": 0.91}",Follow Social Coherence,-5.71,False,451
2025-07-30T20:34:20.681075,Baseline,B_44,DC_001,False,"{""R"": 0.39, ""P"": 0.71, ""I"": 0.31, ""C"": 0.68, ""S"": 0.35}",Follow Social Coherence,-5.0,False,462
2025-07-30T20:34:20.681096,Baseline,B_45,DC_001,False,"{""R"": 0.84, ""P"": 0.36, ""I"": 0.73, ""C"": 0.36, ""S"": 0.23}",Follow Social Coherence,-5.17,False,466
2025-07-30T20:34:20.681116,Baseline,B_46,DC_001,False,"{""R"": 0.69, ""P"": 0.21, ""I"": 0.82, ""C"": 0.29, ""S"": 0.67}",Follow Social Coherence,-5.68,False,450
2025-07-30T20:34:20.681139,Baseline,B_47,DC_001,False,"{""R"": 0.51, ""P"": 0.78, ""I"": 0.71, ""C"": 0.64, ""S"": 0.69}",Follow Social Coherence,-4.22,False,451
2025-07-30T20:34:20.681158,Baseline,B_48,DC_002,False,"{""R"": 0.14, ""P"": 0.94, ""I"": 0.3, ""C"": 0.55, ""S"": 0.36}",Follow Social Coherence,-5.88,False,448
2025-07-30T20:34:20.681177,Baseline,B_49,DC_001,False,"{""R"": 0.88, ""P"": 0.22, ""I"": 0.17, ""C"": 0.2, ""S"": 0.88}",Follow Social Coherence,-5.8,False,467
2025-07-30T20:34:20.681195,Baseline,B_50,DC_001,False,"{""R"": 0.83, ""P"": 0.17, ""I"": 0.32, ""C"": 0.19, ""S"": 0.21}",Follow Social Coherence,-4.16,False,454
2025-07-30T20:34:20.681214,Baseline,B_51,DC_002,False,"{""R"": 0.44, ""P"": 0.99, ""I"": 0.13, ""C"": 0.9, ""S"": 0.87}",Follow Social Coherence,-5.02,False,455
2025-07-30T20:34:20.681233,Baseline,B_52,DC_002,False,"{""R"": 0.74, ""P"": 0.93, ""I"": 0.6, ""C"": 0.17, ""S"": 0.74}",Follow Social Coherence,-5.35,False,467
2025-07-30T20:34:20.681252,Baseline,B_53,DC_002,False,"{""R"": 0.98, ""P"": 0.94, ""I"": 0.17, ""C"": 0.88, ""S"": 0.69}",Follow Social Coherence,-5.58,False,446
2025-07-30T20:34:20.681271,Baseline,B_54,DC_001,False,"{""R"": 0.6, ""P"": 0.63, ""I"": 0.63, ""C"": 0.53, ""S"": 0.91}",Follow Social Coherence,-4.68,False,470
2025-07-30T20:34:20.681307,Baseline,B_55,DC_001,False,"{""R"": 0.37, ""P"": 0.72, ""I"": 0.38, ""C"": 0.13, ""S"": 0.37}",Follow Social Coherence,-4.89,False,440
2025-07-30T20:34:20.681345,Baseline,B_56,DC_002,False,"{""R"": 0.25, ""P"": 0.39, ""I"": 0.16, ""C"": 0.69, ""S"": 0.75}",Follow Social Coherence,-5.06,False,442
2025-07-30T20:34:20.681363,Baseline,B_57,DC_002,False,"{""R"": 0.12, ""P"": 0.28, ""I"": 0.78, ""C"": 0.15, ""S"": 0.92}",Follow Social Coherence,-4.64,False,455
2025-07-30T20:34:20.681401,Baseline,B_58,DC_001,False,"{""R"": 0.45, ""P"": 0.69, ""I"": 0.11, ""C"": 0.98, ""S"": 0.84}",Follow Social Coherence,-4.71,False,470
2025-07-30T20:34:20.681420,Baseline,B_59,DC_002,False,"{""R"": 0.97, ""P"": 0.65, ""I"": 0.17, ""C"": 0.12, ""S"": 0.14}",Follow Social Coherence,-4.94,False,466
2025-07-30T20:34:20.681456,Baseline,B_60,DC_002,False,"{""R"": 0.43, ""P"": 0.53, ""I"": 0.42, ""C"": 0.38, ""S"": 0.99}",Follow Social Coherence,-4.66,False,440
2025-07-30T20:34:20.681475,Baseline,B_61,DC_001,False,"{""R"": 0.11, ""P"": 0.71, ""I"": 0.91, ""C"": 0.84, ""S"": 0.45}",Follow Social Coherence,-5.28,False,443
2025-07-30T20:34:20.681493,Baseline,B_62,DC_002,False,"{""R"": 0.98, ""P"": 0.14, ""I"": 0.41, ""C"": 0.27, ""S"": 0.22}",Follow Social Coherence,-4.47,False,430
2025-07-30T20:34:20.681544,Baseline,B_63,DC_002,False,"{""R"": 0.41, ""P"": 0.95, ""I"": 0.54, ""C"": 0.31, ""S"": 0.83}",Follow Social Coherence,-4.26,False,458
2025-07-30T20:34:20.681564,Baseline,B_64,DC_001,False,"{""R"": 0.25, ""P"": 0.75, ""I"": 0.27, ""C"": 0.12, ""S"": 0.19}",Follow Social Coherence,-4.94,False,450
2025-07-30T20:34:20.681582,Baseline,B_65,DC_001,False,"{""R"": 0.73, ""P"": 0.19, ""I"": 0.72, ""C"": 0.97, ""S"": 0.67}",Follow Social Coherence,-4.84,False,430
2025-07-30T20:34:20.681621,Baseline,B_66,DC_001,False,"{""R"": 0.48, ""P"": 0.57, ""I"": 0.39, ""C"": 0.23, ""S"": 0.32}",Follow Social Coherence,-5.54,False,466
2025-07-30T20:34:20.681643,Baseline,B_67,DC_001,False,"{""R"": 0.25, ""P"": 0.18, ""I"": 0.85, ""C"": 0.19, ""S"": 0.28}",Follow Social Coherence,-5.32,False,448
2025-07-30T20:34:20.681666,Baseline,B_68,DC_002,False,"{""R"": 0.88, ""P"": 0.99, ""I"": 0.44, ""C"": 0.41, ""S"": 0.98}",Follow Social Coherence,-4.69,False,462
2025-07-30T20:34:20.681684,Baseline,B_69,DC_001,False,"{""R"": 0.7, ""P"": 0.11, ""I"": 0.62, ""C"": 0.53, ""S"": 0.17}",Follow Social Coherence,-5.42,False,461
2025-07-30T20:34:20.681702,Baseline,B_70,DC_001,False,"{""R"": 0.51, ""P"": 0.65, ""I"": 0.37, ""C"": 0.46, ""S"": 0.79}",Follow Social Coherence,-5.03,False,434
2025-07-30T20:34:20.681721,Baseline,B_71,DC_002,False,"{""R"": 0.69, ""P"": 0.88, ""I"": 0.12, ""C"": 0.22, ""S"": 0.91}",Follow Social Coherence,-4.39,False,449
2025-07-30T20:34:20.681741,Baseline,B_72,DC_002,False,"{""R"": 0.94, ""P"": 0.96, ""I"": 0.55, ""C"": 0.33, ""S"": 0.6}",Follow Social Coherence,-4.13,False,464
2025-07-30T20:34:20.681759,Baseline,B_73,DC_001,False,"{""R"": 0.5, ""P"": 0.83, ""I"": 0.52, ""C"": 0.78, ""S"": 0.41}",Follow Social Coherence,-4.89,False,466
2025-07-30T20:34:20.681777,Baseline,B_74,DC_001,False,"{""R"": 0.16, ""P"": 0.21, ""I"": 0.49, ""C"": 0.52, ""S"": 0.46}",Follow Social Coherence,-5.23,False,435
2025-07-30T20:34:20.681795,Baseline,B_75,DC_001,False,"{""R"": 0.28, ""P"": 0.3, ""I"": 0.41, ""C"": 0.69, ""S"": 0.45}",Follow Social Coherence,-5.25,False,458
2025-07-30T20:34:20.681814,Baseline,B_76,DC_001,False,"{""R"": 0.74, ""P"": 0.49, ""I"": 0.67, ""C"": 0.63, ""S"": 0.12}",Follow Social Coherence,-4.5,False,434
2025-07-30T20:34:20.681831,Baseline,B_77,DC_001,False,"{""R"": 0.28, ""P"": 0.28, ""I"": 0.7, ""C"": 0.36, ""S"": 0.4}",Follow Social Coherence,-4.06,False,431
2025-07-30T20:34:20.681851,Baseline,B_78,DC_001,False,"{""R"": 0.21, ""P"": 0.82, ""I"": 0.42, ""C"": 0.2, ""S"": 0.66}",Follow Social Coherence,-5.83,False,458
2025-07-30T20:34:20.681871,Baseline,B_79,DC_002,False,"{""R"": 0.65, ""P"": 0.27, ""I"": 0.29, ""C"": 0.56, ""S"": 0.52}",Follow Social Coherence,-4.33,False,435
2025-07-30T20:34:20.681890,Baseline,B_80,DC_001,False,"{""R"": 0.68, ""P"": 0.59, ""I"": 0.95, ""C"": 0.73, ""S"": 0.1}",Follow Social Coherence,-5.49,False,452
2025-07-30T20:34:20.681910,Baseline,B_81,DC_001,False,"{""R"": 0.56, ""P"": 0.55, ""I"": 0.84, ""C"": 0.17, ""S"": 0.46}",Follow Social Coherence,-4.58,False,451
2025-07-30T20:34:20.681928,Baseline,B_82,DC_001,False,"{""R"": 0.62, ""P"": 0.6, ""I"": 0.75, ""C"": 0.82, ""S"": 0.83}",Follow Social Coherence,-4.2,False,437
2025-07-30T20:34:20.681950,Baseline,B_83,DC_001,False,"{""R"": 0.77, ""P"": 0.76, ""I"": 0.11, ""C"": 1.0, ""S"": 0.29}",Follow Social Coherence,-5.48,False,465
2025-07-30T20:34:20.681971,Baseline,B_84,DC_002,False,"{""R"": 0.99, ""P"": 0.65, ""I"": 0.83, ""C"": 0.25, ""S"": 0.99}",Follow Social Coherence,-5.59,False,439
2025-07-30T20:34:20.681990,Baseline,B_85,DC_002,False,"{""R"": 0.63, ""P"": 0.7, ""I"": 0.75, ""C"": 0.21, ""S"": 0.2}",Follow Social Coherence,-4.06,False,459
2025-07-30T20:34:20.682011,Baseline,B_86,DC_001,False,"{""R"": 0.87, ""P"": 0.13, ""I"": 0.39, ""C"": 0.22, ""S"": 0.81}",Follow Social Coherence,-5.68,False,469
2025-07-30T20:34:20.682030,Baseline,B_87,DC_001,False,"{""R"": 0.39, ""P"": 0.28, ""I"": 0.34, ""C"": 0.4, ""S"": 0.84}",Follow Social Coherence,-5.6,False,464
2025-07-30T20:34:20.682048,Baseline,B_88,DC_001,False,"{""R"": 0.38, ""P"": 0.9, ""I"": 0.52, ""C"": 0.74, ""S"": 0.5}",Follow Social Coherence,-5.23,False,442
2025-07-30T20:34:20.682066,Baseline,B_89,DC_001,False,"{""R"": 0.14, ""P"": 0.16, ""I"": 0.22, ""C"": 0.81, ""S"": 0.19}",Follow Social Coherence,-4.49,False,466
2025-07-30T20:34:20.682084,Baseline,B_90,DC_002,False,"{""R"": 0.64, ""P"": 0.21, ""I"": 0.72, ""C"": 0.23, ""S"": 0.18}",Follow Social Coherence,-4.28,False,452
2025-07-30T20:34:20.682135,Baseline,B_91,DC_001,False,"{""R"": 0.77, ""P"": 0.3, ""I"": 0.14, ""C"": 0.29, ""S"": 0.8}",Follow Social Coherence,-4.86,False,435
2025-07-30T20:34:20.682153,Baseline,B_92,DC_002,False,"{""R"": 0.99, ""P"": 0.68, ""I"": 0.28, ""C"": 0.95, ""S"": 0.19}",Follow Social Coherence,-5.3,False,441
2025-07-30T20:34:20.682172,Baseline,B_93,DC_001,False,"{""R"": 0.21, ""P"": 0.68, ""I"": 0.66, ""C"": 0.33, ""S"": 0.98}",Follow Social Coherence,-5.78,False,454
2025-07-30T20:34:20.682197,Baseline,B_94,DC_002,False,"{""R"": 0.47, ""P"": 0.14, ""I"": 0.88, ""C"": 0.76, ""S"": 0.39}",Follow Social Coherence,-5.09,False,470
2025-07-30T20:34:20.682223,Baseline,B_95,DC_002,False,"{""R"": 0.9, ""P"": 0.12, ""I"": 0.71, ""C"": 0.25, ""S"": 0.52}",Follow Social Coherence,-5.19,False,430
2025-07-30T20:34:20.682248,Baseline,B_96,DC_002,False,"{""R"": 0.85, ""P"": 0.72, ""I"": 0.53, ""C"": 0.44, ""S"": 0.27}",Follow Social Coherence,-4.64,False,449
2025-07-30T20:34:20.682272,Baseline,B_97,DC_002,False,"{""R"": 0.59, ""P"": 0.9, ""I"": 0.36, ""C"": 0.5, ""S"": 0.3}",Follow Social Coherence,-4.8,False,460
2025-07-30T20:34:20.682296,Baseline,B_98,DC_002,False,"{""R"": 0.75, ""P"": 0.94, ""I"": 0.58, ""C"": 0.3, ""S"": 0.66}",Follow Social Coherence,-4.28,False,436
2025-07-30T20:34:20.682321,Baseline,B_99,DC_001,False,"{""R"": 0.65, ""P"": 0.52, ""I"": 0.76, ""C"": 0.14, ""S"": 0.74}",Follow Social Coherence,-5.8,False,452
2025-07-30T20:34:20.682344,Baseline,B_100,DC_002,False,"{""R"": 0.6, ""P"": 0.28, ""I"": 0.78, ""C"": 0.51, ""S"": 0.97}",Follow Social Coherence,-4.73,False,452
2025-07-30T20:34:20.708537,Validation,V_1,DC_001,True,"{""R"": 0.38, ""P"": 0.52, ""I"": 0.96, ""C"": 0.34, ""S"": 0.64, ""T"": 0.66}",Prioritize Trustworthiness,3.32,True,518
2025-07-30T20:34:20.708595,Validation,V_2,DC_002,True,"{""R"": 0.48, ""P"": 0.33, ""I"": 0.87, ""C"": 0.77, ""S"": 0.71, ""T"": 0.14}",Follow Social Coherence,0.7,False,484
2025-07-30T20:34:20.708623,Validation,V_3,DC_001,True,"{""R"": 0.14, ""P"": 0.29, ""I"": 0.32, ""C"": 0.34, ""S"": 0.31, ""T"": 0.15}",Follow Social Coherence,0.77,False,482
2025-07-30T20:34:20.708646,Validation,V_4,DC_001,True,"{""R"": 0.62, ""P"": 0.56, ""I"": 0.51, ""C"": 0.27, ""S"": 0.92, ""T"": 0.61}",Prioritize Trustworthiness,3.07,True,485
2025-07-30T20:34:20.708668,Validation,V_5,DC_002,True,"{""R"": 0.81, ""P"": 0.23, ""I"": 0.75, ""C"": 0.95, ""S"": 0.54, ""T"": 0.99}",Prioritize Trustworthiness,4.95,True,496
2025-07-30T20:34:20.708691,Validation,V_6,DC_002,True,"{""R"": 0.33, ""P"": 0.75, ""I"": 0.75, ""C"": 0.59, ""S"": 0.76, ""T"": 0.1}",Follow Social Coherence,0.52,False,507
2025-07-30T20:34:20.708719,Validation,V_7,DC_002,True,"{""R"": 0.7, ""P"": 0.19, ""I"": 0.28, ""C"": 0.7, ""S"": 0.57, ""T"": 0.25}",Follow Social Coherence,1.25,False,509
2025-07-30T20:34:20.708741,Validation,V_8,DC_002,True,"{""R"": 0.52, ""P"": 0.45, ""I"": 0.46, ""C"": 0.78, ""S"": 0.29, ""T"": 0.16}",Follow Social Coherence,0.82,False,508
2025-07-30T20:34:20.708766,Validation,V_9,DC_002,True,"{""R"": 0.18, ""P"": 0.78, ""I"": 0.95, ""C"": 0.64, ""S"": 0.47, ""T"": 0.72}",Prioritize Trustworthiness,3.58,True,484
2025-07-30T20:34:20.708787,Validation,V_10,DC_001,True,"{""R"": 0.13, ""P"": 0.34, ""I"": 0.65, ""C"": 0.23, ""S"": 0.27, ""T"": 0.38}",Follow Social Coherence,1.91,False,503
2025-07-30T20:34:20.708807,Validation,V_11,DC_002,True,"{""R"": 0.11, ""P"": 0.42, ""I"": 0.22, ""C"": 0.34, ""S"": 0.99, ""T"": 0.92}",Prioritize Trustworthiness,4.61,True,481
2025-07-30T20:34:20.708828,Validation,V_12,DC_001,True,"{""R"": 0.75, ""P"": 0.69, ""I"": 0.94, ""C"": 0.51, ""S"": 0.98, ""T"": 0.89}",Prioritize Trustworthiness,4.44,True,515
2025-07-30T20:34:20.708848,Validation,V_13,DC_002,True,"{""R"": 0.96, ""P"": 0.97, ""I"": 0.59, ""C"": 0.52, ""S"": 0.19, ""T"": 0.8}",Prioritize Trustworthiness,3.98,True,513
2025-07-30T20:34:20.708869,Validation,V_14,DC_001,True,"{""R"": 0.28, ""P"": 0.31, ""I"": 0.34, ""C"": 1.0, ""S"": 0.57, ""T"": 0.54}",Prioritize Trustworthiness,2.69,True,487
2025-07-30T20:34:20.708889,Validation,V_15,DC_001,True,"{""R"": 0.68, ""P"": 0.67, ""I"": 0.79, ""C"": 0.54, ""S"": 0.51, ""T"": 0.72}",Prioritize Trustworthiness,3.59,True,488
2025-07-30T20:34:20.708909,Validation,V_16,DC_001,True,"{""R"": 0.23, ""P"": 0.69, ""I"": 0.55, ""C"": 0.47, ""S"": 0.11, ""T"": 0.62}",Prioritize Trustworthiness,3.1,True,512
2025-07-30T20:34:20.708929,Validation,V_17,DC_002,True,"{""R"": 0.21, ""P"": 0.76, ""I"": 0.91, ""C"": 0.15, ""S"": 0.22, ""T"": 0.24}",Follow Social Coherence,1.21,False,511
2025-07-30T20:34:20.708949,Validation,V_18,DC_002,True,"{""R"": 0.54, ""P"": 0.56, ""I"": 0.53, ""C"": 0.64, ""S"": 0.18, ""T"": 0.45}",Follow Social Coherence,2.23,False,503
2025-07-30T20:34:20.708968,Validation,V_19,DC_002,True,"{""R"": 0.54, ""P"": 0.73, ""I"": 0.8, ""C"": 0.76, ""S"": 0.94, ""T"": 0.87}",Prioritize Trustworthiness,4.34,True,501
2025-07-30T20:34:20.708990,Validation,V_20,DC_002,True,"{""R"": 0.53, ""P"": 0.24, ""I"": 0.23, ""C"": 0.44, ""S"": 0.24, ""T"": 0.9}",Prioritize Trustworthiness,4.52,True,495
2025-07-30T20:34:20.709015,Validation,V_21,DC_002,True,"{""R"": 0.8, ""P"": 0.52, ""I"": 0.26, ""C"": 0.64, ""S"": 0.13, ""T"": 0.97}",Prioritize Trustworthiness,4.84,True,496
2025-07-30T20:34:20.709036,Validation,V_22,DC_002,True,"{""R"": 0.2, ""P"": 0.42, ""I"": 0.27, ""C"": 0.89, ""S"": 0.87, ""T"": 0.25}",Follow Social Coherence,1.24,False,492
2025-07-30T20:34:20.709057,Validation,V_23,DC_001,True,"{""R"": 0.59, ""P"": 0.36, ""I"": 0.53, ""C"": 0.71, ""S"": 0.51, ""T"": 0.98}",Prioritize Trustworthiness,4.9,True,491
2025-07-30T20:34:20.709079,Validation,V_24,DC_002,True,"{""R"": 0.68, ""P"": 0.29, ""I"": 0.62, ""C"": 0.25, ""S"": 0.37, ""T"": 0.24}",Follow Social Coherence,1.2,False,493
2025-07-30T20:34:20.709101,Validation,V_25,DC_001,True,"{""R"": 0.72, ""P"": 0.84, ""I"": 0.22, ""C"": 0.49, ""S"": 0.88, ""T"": 0.17}",Follow Social Coherence,0.83,False,504
2025-07-30T20:34:20.709127,Validation,V_26,DC_001,True,"{""R"": 0.2, ""P"": 0.71, ""I"": 0.5, ""C"": 0.46, ""S"": 0.95, ""T"": 0.27}",Follow Social Coherence,1.36,False,518
2025-07-30T20:34:20.709150,Validation,V_27,DC_001,True,"{""R"": 0.25, ""P"": 0.57, ""I"": 0.8, ""C"": 0.56, ""S"": 0.78, ""T"": 0.48}",Follow Social Coherence,2.39,False,495
2025-07-30T20:34:20.709175,Validation,V_28,DC_001,True,"{""R"": 0.56, ""P"": 0.75, ""I"": 0.87, ""C"": 0.12, ""S"": 0.55, ""T"": 0.53}",Prioritize Trustworthiness,2.67,True,480
2025-07-30T20:34:20.709201,Validation,V_29,DC_002,True,"{""R"": 0.25, ""P"": 0.93, ""I"": 0.95, ""C"": 0.76, ""S"": 0.68, ""T"": 0.23}",Follow Social Coherence,1.17,False,485
2025-07-30T20:34:20.709235,Validation,V_30,DC_001,True,"{""R"": 0.87, ""P"": 0.43, ""I"": 0.7, ""C"": 0.33, ""S"": 0.95, ""T"": 0.66}",Prioritize Trustworthiness,3.32,True,503
2025-07-30T20:34:20.709272,Validation,V_31,DC_001,True,"{""R"": 0.52, ""P"": 0.47, ""I"": 0.21, ""C"": 0.82, ""S"": 0.5, ""T"": 0.2}",Follow Social Coherence,1.02,False,516
2025-07-30T20:34:20.709305,Validation,V_32,DC_001,True,"{""R"": 0.77, ""P"": 0.13, ""I"": 0.75, ""C"": 0.5, ""S"": 0.59, ""T"": 0.33}",Follow Social Coherence,1.64,False,498
2025-07-30T20:34:20.709331,Validation,V_33,DC_002,True,"{""R"": 0.9, ""P"": 0.39, ""I"": 0.53, ""C"": 0.56, ""S"": 0.11, ""T"": 0.97}",Prioritize Trustworthiness,4.83,True,516
2025-07-30T20:34:20.709354,Validation,V_34,DC_001,True,"{""R"": 0.3, ""P"": 0.36, ""I"": 0.46, ""C"": 0.68, ""S"": 0.13, ""T"": 0.55}",Prioritize Trustworthiness,2.75,True,493
2025-07-30T20:34:20.709375,Validation,V_35,DC_002,True,"{""R"": 0.42, ""P"": 0.32, ""I"": 0.78, ""C"": 0.55, ""S"": 0.57, ""T"": 0.66}",Prioritize Trustworthiness,3.29,True,480
2025-07-30T20:34:20.709395,Validation,V_36,DC_001,True,"{""R"": 0.61, ""P"": 0.17, ""I"": 0.94, ""C"": 0.99, ""S"": 0.17, ""T"": 0.86}",Prioritize Trustworthiness,4.28,True,494
2025-07-30T20:34:20.709415,Validation,V_37,DC_001,True,"{""R"": 0.19, ""P"": 0.92, ""I"": 0.43, ""C"": 0.13, ""S"": 0.81, ""T"": 0.65}",Prioritize Trustworthiness,3.26,True,500
2025-07-30T20:34:20.709436,Validation,V_38,DC_002,True,"{""R"": 0.97, ""P"": 0.5, ""I"": 1.0, ""C"": 0.44, ""S"": 0.87, ""T"": 0.66}",Prioritize Trustworthiness,3.28,True,503
2025-07-30T20:34:20.709460,Validation,V_39,DC_001,True,"{""R"": 0.47, ""P"": 0.29, ""I"": 0.66, ""C"": 0.11, ""S"": 0.86, ""T"": 0.65}",Prioritize Trustworthiness,3.24,True,480
2025-07-30T20:34:20.709481,Validation,V_40,DC_001,True,"{""R"": 0.32, ""P"": 0.19, ""I"": 0.8, ""C"": 0.49, ""S"": 1.0, ""T"": 0.99}",Prioritize Trustworthiness,4.93,True,502
2025-07-30T20:34:20.709501,Validation,V_41,DC_002,True,"{""R"": 0.57, ""P"": 0.82, ""I"": 0.99, ""C"": 0.79, ""S"": 0.22, ""T"": 0.4}",Follow Social Coherence,1.98,False,495
2025-07-30T20:34:20.709521,Validation,V_42,DC_002,True,"{""R"": 0.57, ""P"": 0.32, ""I"": 0.16, ""C"": 0.18, ""S"": 0.93, ""T"": 0.92}",Prioritize Trustworthiness,4.59,True,487
2025-07-30T20:34:20.709544,Validation,V_43,DC_001,True,"{""R"": 0.12, ""P"": 0.39, ""I"": 0.51, ""C"": 0.6, ""S"": 0.97, ""T"": 0.12}",Follow Social Coherence,0.6,False,519
2025-07-30T20:34:20.709565,Validation,V_44,DC_001,True,"{""R"": 0.67, ""P"": 0.95, ""I"": 0.88, ""C"": 0.92, ""S"": 0.81, ""T"": 0.26}",Follow Social Coherence,1.3,False,514
2025-07-30T20:34:20.709588,Validation,V_45,DC_002,True,"{""R"": 0.79, ""P"": 0.67, ""I"": 0.71, ""C"": 0.18, ""S"": 0.35, ""T"": 0.93}",Prioritize Trustworthiness,4.64,True,491
2025-07-30T20:34:20.709609,Validation,V_46,DC_001,True,"{""R"": 0.54, ""P"": 0.85, ""I"": 0.85, ""C"": 0.91, ""S"": 0.17, ""T"": 0.57}",Prioritize Trustworthiness,2.84,True,489
2025-07-30T20:34:20.709629,Validation,V_47,DC_001,True,"{""R"": 0.97, ""P"": 0.14, ""I"": 0.91, ""C"": 0.41, ""S"": 0.75, ""T"": 0.35}",Follow Social Coherence,1.73,False,494
2025-07-30T20:34:20.709649,Validation,V_48,DC_002,True,"{""R"": 0.24, ""P"": 0.19, ""I"": 0.2, ""C"": 0.32, ""S"": 0.81, ""T"": 0.28}",Follow Social Coherence,1.38,False,486
2025-07-30T20:34:20.709672,Validation,V_49,DC_002,True,"{""R"": 0.53, ""P"": 0.93, ""I"": 0.27, ""C"": 0.62, ""S"": 0.4, ""T"": 0.81}",Prioritize Trustworthiness,4.04,True,506
2025-07-30T20:34:20.709691,Validation,V_50,DC_001,True,"{""R"": 0.96, ""P"": 0.3, ""I"": 0.7, ""C"": 0.63, ""S"": 0.98, ""T"": 0.98}",Prioritize Trustworthiness,4.9,True,498
2025-07-30T20:34:20.709711,Validation,V_51,DC_002,True,"{""R"": 0.42, ""P"": 0.83, ""I"": 0.82, ""C"": 0.81, ""S"": 0.44, ""T"": 0.5}",Prioritize Trustworthiness,2.51,True,504
2025-07-30T20:34:20.709731,Validation,V_52,DC_002,True,"{""R"": 0.76, ""P"": 0.76, ""I"": 0.65, ""C"": 0.55, ""S"": 0.57, ""T"": 0.51}",Prioritize Trustworthiness,2.57,True,488
2025-07-30T20:34:20.709752,Validation,V_53,DC_001,True,"{""R"": 0.29, ""P"": 0.25, ""I"": 0.31, ""C"": 0.39, ""S"": 0.66, ""T"": 0.92}",Prioritize Trustworthiness,4.59,True,488
2025-07-30T20:34:20.709772,Validation,V_54,DC_002,True,"{""R"": 0.17, ""P"": 0.53, ""I"": 0.82, ""C"": 0.26, ""S"": 0.22, ""T"": 0.72}",Prioritize Trustworthiness,3.6,True,491
2025-07-30T20:34:20.709792,Validation,V_55,DC_002,True,"{""R"": 0.45, ""P"": 0.87, ""I"": 0.35, ""C"": 0.13, ""S"": 0.36, ""T"": 0.17}",Follow Social Coherence,0.86,False,499
2025-07-30T20:34:20.709812,Validation,V_56,DC_002,True,"{""R"": 0.88, ""P"": 0.46, ""I"": 0.29, ""C"": 0.92, ""S"": 0.98, ""T"": 0.39}",Follow Social Coherence,1.95,False,509
2025-07-30T20:34:20.709831,Validation,V_57,DC_001,True,"{""R"": 0.53, ""P"": 0.44, ""I"": 0.25, ""C"": 0.31, ""S"": 0.22, ""T"": 0.42}",Follow Social Coherence,2.11,False,506
2025-07-30T20:34:20.709851,Validation,V_58,DC_001,True,"{""R"": 0.73, ""P"": 0.56, ""I"": 0.65, ""C"": 0.83, ""S"": 0.31, ""T"": 0.32}",Follow Social Coherence,1.58,False,485
2025-07-30T20:34:20.709870,Validation,V_59,DC_002,True,"{""R"": 0.17, ""P"": 0.46, ""I"": 0.23, ""C"": 0.3, ""S"": 0.79, ""T"": 0.95}",Prioritize Trustworthiness,4.77,True,495
2025-07-30T20:34:20.709890,Validation,V_60,DC_001,True,"{""R"": 0.82, ""P"": 0.58, ""I"": 0.18, ""C"": 0.29, ""S"": 0.99, ""T"": 0.79}",Prioritize Trustworthiness,3.96,True,480
2025-07-30T20:34:20.709911,Validation,V_61,DC_001,True,"{""R"": 0.14, ""P"": 0.23, ""I"": 0.63, ""C"": 0.68, ""S"": 0.34, ""T"": 0.61}",Prioritize Trustworthiness,3.06,True,493
2025-07-30T20:34:20.709933,Validation,V_62,DC_001,True,"{""R"": 0.11, ""P"": 0.26, ""I"": 0.52, ""C"": 0.31, ""S"": 0.56, ""T"": 0.49}",Follow Social Coherence,2.45,False,497
2025-07-30T20:34:20.709953,Validation,V_63,DC_001,True,"{""R"": 0.32, ""P"": 0.93, ""I"": 0.41, ""C"": 0.62, ""S"": 0.36, ""T"": 0.21}",Follow Social Coherence,1.07,False,513
2025-07-30T20:34:20.709972,Validation,V_64,DC_001,True,"{""R"": 0.95, ""P"": 0.79, ""I"": 0.38, ""C"": 0.79, ""S"": 0.89, ""T"": 0.21}",Follow Social Coherence,1.07,False,508
2025-07-30T20:34:20.709993,Validation,V_65,DC_002,True,"{""R"": 0.12, ""P"": 0.26, ""I"": 0.77, ""C"": 0.62, ""S"": 0.96, ""T"": 0.25}",Follow Social Coherence,1.27,False,495
2025-07-30T20:34:20.710016,Validation,V_66,DC_002,True,"{""R"": 0.38, ""P"": 0.92, ""I"": 0.17, ""C"": 0.52, ""S"": 0.27, ""T"": 0.94}",Prioritize Trustworthiness,4.68,True,511
2025-07-30T20:34:20.710035,Validation,V_67,DC_002,True,"{""R"": 0.53, ""P"": 0.55, ""I"": 0.3, ""C"": 0.94, ""S"": 0.33, ""T"": 0.6}",Prioritize Trustworthiness,3.01,True,491
2025-07-30T20:34:20.710055,Validation,V_68,DC_001,True,"{""R"": 0.95, ""P"": 0.91, ""I"": 0.23, ""C"": 0.86, ""S"": 0.38, ""T"": 0.99}",Prioritize Trustworthiness,4.96,True,497
2025-07-30T20:34:20.710074,Validation,V_69,DC_002,True,"{""R"": 0.11, ""P"": 0.91, ""I"": 0.48, ""C"": 0.5, ""S"": 0.21, ""T"": 0.13}",Follow Social Coherence,0.67,False,505
2025-07-30T20:34:20.710093,Validation,V_70,DC_001,True,"{""R"": 0.56, ""P"": 0.92, ""I"": 0.57, ""C"": 0.4, ""S"": 0.54, ""T"": 0.29}",Follow Social Coherence,1.44,False,517
2025-07-30T20:34:20.710113,Validation,V_71,DC_002,True,"{""R"": 0.19, ""P"": 0.56, ""I"": 0.64, ""C"": 0.56, ""S"": 0.43, ""T"": 0.73}",Prioritize Trustworthiness,3.67,True,506
2025-07-30T20:34:20.710132,Validation,V_72,DC_002,True,"{""R"": 0.45, ""P"": 0.86, ""I"": 0.66, ""C"": 0.66, ""S"": 0.66, ""T"": 0.14}",Follow Social Coherence,0.69,False,515
2025-07-30T20:34:20.710151,Validation,V_73,DC_002,True,"{""R"": 0.56, ""P"": 0.16, ""I"": 0.78, ""C"": 0.16, ""S"": 0.28, ""T"": 0.7}",Prioritize Trustworthiness,3.49,True,485
2025-07-30T20:34:20.710173,Validation,V_74,DC_002,True,"{""R"": 0.18, ""P"": 0.88, ""I"": 0.83, ""C"": 0.43, ""S"": 0.7, ""T"": 0.62}",Prioritize Trustworthiness,3.1,True,506
2025-07-30T20:34:20.710192,Validation,V_75,DC_002,True,"{""R"": 0.67, ""P"": 0.29, ""I"": 0.47, ""C"": 0.33, ""S"": 0.72, ""T"": 0.7}",Prioritize Trustworthiness,3.49,True,487
2025-07-30T20:34:20.710211,Validation,V_76,DC_002,True,"{""R"": 0.38, ""P"": 0.16, ""I"": 0.87, ""C"": 0.21, ""S"": 0.8, ""T"": 0.37}",Follow Social Coherence,1.83,False,507
2025-07-30T20:34:20.710231,Validation,V_77,DC_001,True,"{""R"": 0.73, ""P"": 0.17, ""I"": 0.71, ""C"": 0.95, ""S"": 0.87, ""T"": 0.76}",Prioritize Trustworthiness,3.79,True,509
2025-07-30T20:34:20.710252,Validation,V_78,DC_002,True,"{""R"": 0.75, ""P"": 0.14, ""I"": 0.92, ""C"": 0.69, ""S"": 0.31, ""T"": 0.46}",Follow Social Coherence,2.31,False,520
2025-07-30T20:34:20.710272,Validation,V_79,DC_002,True,"{""R"": 0.17, ""P"": 0.86, ""I"": 0.13, ""C"": 0.84, ""S"": 0.92, ""T"": 0.29}",Follow Social Coherence,1.47,False,491
2025-07-30T20:34:20.710291,Validation,V_80,DC_002,True,"{""R"": 0.75, ""P"": 1.0, ""I"": 0.21, ""C"": 0.11, ""S"": 0.73, ""T"": 0.2}",Follow Social Coherence,1.02,False,502
2025-07-30T20:34:20.710311,Validation,V_81,DC_001,True,"{""R"": 0.75, ""P"": 0.25, ""I"": 0.68, ""C"": 0.93, ""S"": 0.19, ""T"": 0.68}",Prioritize Trustworthiness,3.38,True,494
2025-07-30T20:34:20.710333,Validation,V_82,DC_002,True,"{""R"": 0.66, ""P"": 0.59, ""I"": 0.14, ""C"": 0.66, ""S"": 0.74, ""T"": 0.26}",Follow Social Coherence,1.29,False,483
2025-07-30T20:34:20.710352,Validation,V_83,DC_002,True,"{""R"": 0.59, ""P"": 0.77, ""I"": 0.67, ""C"": 0.3, ""S"": 0.43, ""T"": 0.36}",Follow Social Coherence,1.8,False,507
2025-07-30T20:34:20.710371,Validation,V_84,DC_001,True,"{""R"": 1.0, ""P"": 0.14, ""I"": 0.73, ""C"": 0.74, ""S"": 0.77, ""T"": 0.91}",Prioritize Trustworthiness,4.55,True,490
2025-07-30T20:34:20.710390,Validation,V_85,DC_001,True,"{""R"": 0.15, ""P"": 0.63, ""I"": 0.69, ""C"": 0.91, ""S"": 0.93, ""T"": 0.95}",Prioritize Trustworthiness,4.76,True,483
2025-07-30T20:34:20.710412,Validation,V_86,DC_001,True,"{""R"": 0.45, ""P"": 0.89, ""I"": 0.83, ""C"": 0.91, ""S"": 0.43, ""T"": 0.56}",Prioritize Trustworthiness,2.8,True,513
2025-07-30T20:34:20.710431,Validation,V_87,DC_001,True,"{""R"": 0.82, ""P"": 0.91, ""I"": 0.72, ""C"": 0.94, ""S"": 0.87, ""T"": 0.2}",Follow Social Coherence,1.02,False,497
2025-07-30T20:34:20.710450,Validation,V_88,DC_001,True,"{""R"": 0.41, ""P"": 0.25, ""I"": 0.27, ""C"": 0.35, ""S"": 0.99, ""T"": 0.28}",Follow Social Coherence,1.4,False,487
2025-07-30T20:34:20.710469,Validation,V_89,DC_002,True,"{""R"": 0.37, ""P"": 0.65, ""I"": 0.29, ""C"": 0.51, ""S"": 0.69, ""T"": 0.72}",Prioritize Trustworthiness,3.62,True,514
2025-07-30T20:34:20.710488,Validation,V_90,DC_002,True,"{""R"": 0.32, ""P"": 0.82, ""I"": 0.73, ""C"": 0.45, ""S"": 0.53, ""T"": 0.75}",Prioritize Trustworthiness,3.74,True,496
2025-07-30T20:34:20.710507,Validation,V_91,DC_002,True,"{""R"": 0.49, ""P"": 0.43, ""I"": 0.59, ""C"": 0.36, ""S"": 0.5, ""T"": 0.62}",Prioritize Trustworthiness,3.08,True,508
2025-07-30T20:34:20.710526,Validation,V_92,DC_001,True,"{""R"": 0.71, ""P"": 0.26, ""I"": 0.86, ""C"": 0.68, ""S"": 0.73, ""T"": 0.73}",Prioritize Trustworthiness,3.64,True,481
2025-07-30T20:34:20.710546,Validation,V_93,DC_002,True,"{""R"": 0.27, ""P"": 0.43, ""I"": 0.13, ""C"": 0.7, ""S"": 0.64, ""T"": 0.34}",Follow Social Coherence,1.68,False,488
2025-07-30T20:34:20.710571,Validation,V_94,DC_001,True,"{""R"": 0.96, ""P"": 0.43, ""I"": 0.73, ""C"": 0.72, ""S"": 0.41, ""T"": 0.98}",Prioritize Trustworthiness,4.91,True,507
2025-07-30T20:34:20.710595,Validation,V_95,DC_002,True,"{""R"": 0.44, ""P"": 0.43, ""I"": 0.52, ""C"": 0.31, ""S"": 0.37, ""T"": 0.51}",Prioritize Trustworthiness,2.55,True,504
2025-07-30T20:34:20.710620,Validation,V_96,DC_001,True,"{""R"": 0.32, ""P"": 0.96, ""I"": 0.8, ""C"": 0.95, ""S"": 0.37, ""T"": 0.48}",Follow Social Coherence,2.4,False,488
2025-07-30T20:34:20.710642,Validation,V_97,DC_002,True,"{""R"": 0.48, ""P"": 0.93, ""I"": 0.41, ""C"": 0.12, ""S"": 0.56, ""T"": 0.15}",Follow Social Coherence,0.74,False,504
2025-07-30T20:34:20.710668,Validation,V_98,DC_001,True,"{""R"": 0.82, ""P"": 0.73, ""I"": 0.12, ""C"": 0.41, ""S"": 0.51, ""T"": 0.56}",Prioritize Trustworthiness,2.82,True,497
2025-07-30T20:34:20.710719,Validation,V_99,DC_002,True,"{""R"": 0.34, ""P"": 0.46, ""I"": 0.83, ""C"": 0.73, ""S"": 0.42, ""T"": 0.32}",Follow Social Coherence,1.6,False,482
2025-07-30T20:34:20.710744,Validation,V_100,DC_002,True,"{""R"": 0.41, ""P"": 0.76, ""I"": 0.94, ""C"": 0.96, ""S"": 0.8, ""T"": 0.96}",Prioritize Trustworthiness,4.78,True,484
